epoch,layer_index,layer_name,beta,tau
0,0,patch_embed1.embed1.embed_lif,0.500000,2.000000
0,1,patch_embed1.embed2.embed_lif,0.500000,2.000000
0,2,stage1.0.attn.x_lif,0.500000,2.000000
0,3,stage1.0.attn.q_lif,0.500000,2.000000
0,4,stage1.0.attn.k_lif,0.500000,2.000000
0,5,stage1.0.attn.v_lif,0.500000,2.000000
0,6,stage1.0.attn.attn_lif,0.500000,2.000000
0,7,stage1.0.mlp.fc1_lif,0.500000,2.000000
0,8,stage1.0.mlp.fc2_lif,0.500000,2.000000
0,9,patch_embed2.embed1.embed_lif,0.500000,2.000000
0,10,patch_embed2.orig_embed1.embed_lif,0.500000,2.000000
0,11,patch_embed2.embed2.embed_lif,0.500000,2.000000
0,12,stage2.0.attn.x_lif,0.500000,2.000000
0,13,stage2.0.attn.q_lif,0.500000,2.000000
0,14,stage2.0.attn.k_lif,0.500000,2.000000
0,15,stage2.0.attn.v_lif,0.500000,2.000000
0,16,stage2.0.attn.attn_lif,0.500000,2.000000
0,17,stage2.0.mlp.fc1_lif,0.500000,2.000000
0,18,stage2.0.mlp.fc2_lif,0.500000,2.000000
0,19,patch_embed3.embed1.embed_lif,0.500000,2.000000
0,20,patch_embed3.orig_embed1.embed_lif,0.500000,2.000000
0,21,patch_embed3.embed2.embed_lif,0.500000,2.000000
0,22,stage3.0.attn.x_lif,0.500000,2.000000
0,23,stage3.0.attn.q_lif,0.500000,2.000000
0,24,stage3.0.attn.k_lif,0.500000,2.000000
0,25,stage3.0.attn.v_lif,0.500000,2.000000
0,26,stage3.0.attn.attn_lif,0.500000,2.000000
0,27,stage3.0.mlp.fc1_lif,0.500000,2.000000
0,28,stage3.0.mlp.fc2_lif,0.500000,2.000000
0,29,stage3.1.attn.x_lif,0.500000,2.000000
0,30,stage3.1.attn.q_lif,0.500000,2.000000
0,31,stage3.1.attn.k_lif,0.500000,2.000000
0,32,stage3.1.attn.v_lif,0.500000,2.000000
0,33,stage3.1.attn.attn_lif,0.500000,2.000000
0,34,stage3.1.mlp.fc1_lif,0.500000,2.000000
0,35,stage3.1.mlp.fc2_lif,0.500000,2.000000
0,36,head_lif,0.500000,2.000000
5,0,patch_embed1.embed1.embed_lif,0.440171,1.786261
5,1,patch_embed1.embed2.embed_lif,0.435627,1.771879
5,2,stage1.0.attn.x_lif,0.487711,1.952022
5,3,stage1.0.attn.q_lif,0.486208,1.946313
5,4,stage1.0.attn.k_lif,0.497724,1.990938
5,5,stage1.0.attn.v_lif,0.499702,1.998810
5,6,stage1.0.attn.attn_lif,0.500732,2.002931
5,7,stage1.0.mlp.fc1_lif,0.501699,2.006819
5,8,stage1.0.mlp.fc2_lif,0.502517,2.010121
5,9,patch_embed2.embed1.embed_lif,0.498646,1.994599
5,10,patch_embed2.orig_embed1.embed_lif,0.496308,1.985338
5,11,patch_embed2.embed2.embed_lif,0.500000,2.000000
5,12,stage2.0.attn.x_lif,0.497880,1.991557
5,13,stage2.0.attn.q_lif,0.495618,1.982622
5,14,stage2.0.attn.k_lif,0.489522,1.958950
5,15,stage2.0.attn.v_lif,0.492726,1.971323
5,16,stage2.0.attn.attn_lif,0.487612,1.951646
5,17,stage2.0.mlp.fc1_lif,0.502883,2.011599
5,18,stage2.0.mlp.fc2_lif,0.502401,2.009651
5,19,patch_embed3.embed1.embed_lif,0.495628,1.982663
5,20,patch_embed3.orig_embed1.embed_lif,0.485177,1.942416
5,21,patch_embed3.embed2.embed_lif,0.500000,2.000000
5,22,stage3.0.attn.x_lif,0.494969,1.980078
5,23,stage3.0.attn.q_lif,0.491863,1.967972
5,24,stage3.0.attn.k_lif,0.481541,1.928793
5,25,stage3.0.attn.v_lif,0.483524,1.936198
5,26,stage3.0.attn.attn_lif,0.482859,1.933710
5,27,stage3.0.mlp.fc1_lif,0.483463,1.935971
5,28,stage3.0.mlp.fc2_lif,0.480502,1.924936
5,29,stage3.1.attn.x_lif,0.491727,1.967445
5,30,stage3.1.attn.q_lif,0.452068,1.825044
5,31,stage3.1.attn.k_lif,0.451089,1.821790
5,32,stage3.1.attn.v_lif,0.470610,1.888967
5,33,stage3.1.attn.attn_lif,0.447961,1.811467
5,34,stage3.1.mlp.fc1_lif,0.492441,1.970215
5,35,stage3.1.mlp.fc2_lif,0.486789,1.948518
5,36,head_lif,0.458319,1.846103
10,0,patch_embed1.embed1.embed_lif,0.354703,1.549673
10,1,patch_embed1.embed2.embed_lif,0.341621,1.518882
10,2,stage1.0.attn.x_lif,0.474101,1.901506
10,3,stage1.0.attn.q_lif,0.457510,1.843354
10,4,stage1.0.attn.k_lif,0.487089,1.949656
10,5,stage1.0.attn.v_lif,0.503578,2.014417
10,6,stage1.0.attn.attn_lif,0.511807,2.048369
10,7,stage1.0.mlp.fc1_lif,0.519826,2.082580
10,8,stage1.0.mlp.fc2_lif,0.512506,2.051307
10,9,patch_embed2.embed1.embed_lif,0.518685,2.077641
10,10,patch_embed2.orig_embed1.embed_lif,0.502476,2.009952
10,11,patch_embed2.embed2.embed_lif,0.500000,2.000000
10,12,stage2.0.attn.x_lif,0.502366,2.009511
10,13,stage2.0.attn.q_lif,0.478979,1.919309
10,14,stage2.0.attn.k_lif,0.475448,1.906388
10,15,stage2.0.attn.v_lif,0.487328,1.950565
10,16,stage2.0.attn.attn_lif,0.484211,1.938776
10,17,stage2.0.mlp.fc1_lif,0.537517,2.162241
10,18,stage2.0.mlp.fc2_lif,0.540538,2.176457
10,19,patch_embed3.embed1.embed_lif,0.504233,2.017076
10,20,patch_embed3.orig_embed1.embed_lif,0.497877,1.991544
10,21,patch_embed3.embed2.embed_lif,0.500000,2.000000
10,22,stage3.0.attn.x_lif,0.516426,2.067937
10,23,stage3.0.attn.q_lif,0.496998,1.988066
10,24,stage3.0.attn.k_lif,0.464712,1.868153
10,25,stage3.0.attn.v_lif,0.474076,1.901417
10,26,stage3.0.attn.attn_lif,0.457600,1.843657
10,27,stage3.0.mlp.fc1_lif,0.496227,1.985023
10,28,stage3.0.mlp.fc2_lif,0.520372,2.084949
10,29,stage3.1.attn.x_lif,0.498411,1.993664
10,30,stage3.1.attn.q_lif,0.390089,1.639583
10,31,stage3.1.attn.k_lif,0.390783,1.641452
10,32,stage3.1.attn.v_lif,0.436542,1.774754
10,33,stage3.1.attn.attn_lif,0.364399,1.573313
10,34,stage3.1.mlp.fc1_lif,0.535739,2.153962
10,35,stage3.1.mlp.fc2_lif,0.565719,2.302658
10,36,head_lif,0.412056,1.700842
15,0,patch_embed1.embed1.embed_lif,0.309954,1.449178
15,1,patch_embed1.embed2.embed_lif,0.313740,1.457174
15,2,stage1.0.attn.x_lif,0.485024,1.941838
15,3,stage1.0.attn.q_lif,0.411924,1.700461
15,4,stage1.0.attn.k_lif,0.485939,1.945293
15,5,stage1.0.attn.v_lif,0.519445,2.080929
15,6,stage1.0.attn.attn_lif,0.571708,2.334858
15,7,stage1.0.mlp.fc1_lif,0.551780,2.231049
15,8,stage1.0.mlp.fc2_lif,0.517285,2.071616
15,9,patch_embed2.embed1.embed_lif,0.539610,2.172073
15,10,patch_embed2.orig_embed1.embed_lif,0.486060,1.945754
15,11,patch_embed2.embed2.embed_lif,0.500000,2.000000
15,12,stage2.0.attn.x_lif,0.499697,1.998788
15,13,stage2.0.attn.q_lif,0.448807,1.814245
15,14,stage2.0.attn.k_lif,0.450167,1.818734
15,15,stage2.0.attn.v_lif,0.469582,1.885306
15,16,stage2.0.attn.attn_lif,0.497621,1.990530
15,17,stage2.0.mlp.fc1_lif,0.579052,2.375593
15,18,stage2.0.mlp.fc2_lif,0.582814,2.397012
15,19,patch_embed3.embed1.embed_lif,0.507214,2.029277
15,20,patch_embed3.orig_embed1.embed_lif,0.480135,1.923576
15,21,patch_embed3.embed2.embed_lif,0.500000,2.000000
15,22,stage3.0.attn.x_lif,0.527070,2.114476
15,23,stage3.0.attn.q_lif,0.487157,1.949915
15,24,stage3.0.attn.k_lif,0.443987,1.798520
15,25,stage3.0.attn.v_lif,0.451696,1.823807
15,26,stage3.0.attn.attn_lif,0.423124,1.733475
15,27,stage3.0.mlp.fc1_lif,0.522421,2.093896
15,28,stage3.0.mlp.fc2_lif,0.577065,2.364428
15,29,stage3.1.attn.x_lif,0.501387,2.005563
15,30,stage3.1.attn.q_lif,0.349496,1.537269
15,31,stage3.1.attn.k_lif,0.351598,1.542254
15,32,stage3.1.attn.v_lif,0.411627,1.699603
15,33,stage3.1.attn.attn_lif,0.286979,1.402483
15,34,stage3.1.mlp.fc1_lif,0.604680,2.529597
15,35,stage3.1.mlp.fc2_lif,0.655088,2.899291
15,36,head_lif,0.377353,1.606046
20,0,patch_embed1.embed1.embed_lif,0.338331,1.511331
20,1,patch_embed1.embed2.embed_lif,0.379772,1.612311
20,2,stage1.0.attn.x_lif,0.486993,1.949292
20,3,stage1.0.attn.q_lif,0.353014,1.545629
20,4,stage1.0.attn.k_lif,0.469363,1.884526
20,5,stage1.0.attn.v_lif,0.508478,2.034497
20,6,stage1.0.attn.attn_lif,0.637095,2.755545
20,7,stage1.0.mlp.fc1_lif,0.591393,2.447341
20,8,stage1.0.mlp.fc2_lif,0.512805,2.052566
20,9,patch_embed2.embed1.embed_lif,0.550983,2.227088
20,10,patch_embed2.orig_embed1.embed_lif,0.453164,1.828702
20,11,patch_embed2.embed2.embed_lif,0.500000,2.000000
20,12,stage2.0.attn.x_lif,0.508300,2.033759
20,13,stage2.0.attn.q_lif,0.415429,1.710657
20,14,stage2.0.attn.k_lif,0.428958,1.751185
20,15,stage2.0.attn.v_lif,0.450452,1.819678
20,16,stage2.0.attn.attn_lif,0.532982,2.141245
20,17,stage2.0.mlp.fc1_lif,0.623498,2.656025
20,18,stage2.0.mlp.fc2_lif,0.615518,2.600905
20,19,patch_embed3.embed1.embed_lif,0.512404,2.050877
20,20,patch_embed3.orig_embed1.embed_lif,0.439895,1.785380
20,21,patch_embed3.embed2.embed_lif,0.500000,2.000000
20,22,stage3.0.attn.x_lif,0.544762,2.196653
20,23,stage3.0.attn.q_lif,0.464605,1.867779
20,24,stage3.0.attn.k_lif,0.416944,1.715100
20,25,stage3.0.attn.v_lif,0.426324,1.743146
20,26,stage3.0.attn.attn_lif,0.403066,1.675228
20,27,stage3.0.mlp.fc1_lif,0.555714,2.250801
20,28,stage3.0.mlp.fc2_lif,0.617148,2.611976
20,29,stage3.1.attn.x_lif,0.492174,1.969177
20,30,stage3.1.attn.q_lif,0.317769,1.465778
20,31,stage3.1.attn.k_lif,0.326494,1.484769
20,32,stage3.1.attn.v_lif,0.401064,1.669627
20,33,stage3.1.attn.attn_lif,0.229296,1.297514
20,34,stage3.1.mlp.fc1_lif,0.638046,2.762782
20,35,stage3.1.mlp.fc2_lif,0.687072,3.195628
20,36,head_lif,0.362391,1.568359
25,0,patch_embed1.embed1.embed_lif,0.347723,1.533092
25,1,patch_embed1.embed2.embed_lif,0.419744,1.723378
25,2,stage1.0.attn.x_lif,0.463080,1.862475
25,3,stage1.0.attn.q_lif,0.315989,1.461965
25,4,stage1.0.attn.k_lif,0.458155,1.845547
25,5,stage1.0.attn.v_lif,0.486252,1.946481
25,6,stage1.0.attn.attn_lif,0.700953,3.343956
25,7,stage1.0.mlp.fc1_lif,0.623771,2.657955
25,8,stage1.0.mlp.fc2_lif,0.505765,2.023329
25,9,patch_embed2.embed1.embed_lif,0.554644,2.245393
25,10,patch_embed2.orig_embed1.embed_lif,0.403954,1.677722
25,11,patch_embed2.embed2.embed_lif,0.500000,2.000000
25,12,stage2.0.attn.x_lif,0.518238,2.075716
25,13,stage2.0.attn.q_lif,0.402500,1.673641
25,14,stage2.0.attn.k_lif,0.418452,1.719550
25,15,stage2.0.attn.v_lif,0.433203,1.764300
25,16,stage2.0.attn.attn_lif,0.587085,2.421806
25,17,stage2.0.mlp.fc1_lif,0.652613,2.878636
25,18,stage2.0.mlp.fc2_lif,0.630149,2.703794
25,19,patch_embed3.embed1.embed_lif,0.517339,2.071848
25,20,patch_embed3.orig_embed1.embed_lif,0.387025,1.631389
25,21,patch_embed3.embed2.embed_lif,0.500000,2.000000
25,22,stage3.0.attn.x_lif,0.549618,2.220337
25,23,stage3.0.attn.q_lif,0.431391,1.758679
25,24,stage3.0.attn.k_lif,0.391005,1.642049
25,25,stage3.0.attn.v_lif,0.411644,1.699651
25,26,stage3.0.attn.attn_lif,0.397921,1.660910
25,27,stage3.0.mlp.fc1_lif,0.589355,2.435196
25,28,stage3.0.mlp.fc2_lif,0.637530,2.758852
25,29,stage3.1.attn.x_lif,0.499846,1.999384
25,30,stage3.1.attn.q_lif,0.292037,1.412503
25,31,stage3.1.attn.k_lif,0.303739,1.436242
25,32,stage3.1.attn.v_lif,0.387392,1.632365
25,33,stage3.1.attn.attn_lif,0.200022,1.250034
25,34,stage3.1.mlp.fc1_lif,0.654982,2.898400
25,35,stage3.1.mlp.fc2_lif,0.677361,3.099438
25,36,head_lif,0.352633,1.544718
30,0,patch_embed1.embed1.embed_lif,0.338282,1.511218
30,1,patch_embed1.embed2.embed_lif,0.447158,1.808835
30,2,stage1.0.attn.x_lif,0.435098,1.770219
30,3,stage1.0.attn.q_lif,0.291665,1.411761
30,4,stage1.0.attn.k_lif,0.452290,1.825783
30,5,stage1.0.attn.v_lif,0.467882,1.879283
30,6,stage1.0.attn.attn_lif,0.751421,4.022862
30,7,stage1.0.mlp.fc1_lif,0.637941,2.761982
30,8,stage1.0.mlp.fc2_lif,0.489930,1.960515
30,9,patch_embed2.embed1.embed_lif,0.556195,2.253243
30,10,patch_embed2.orig_embed1.embed_lif,0.371139,1.590175
30,11,patch_embed2.embed2.embed_lif,0.500000,2.000000
30,12,stage2.0.attn.x_lif,0.517826,2.073942
30,13,stage2.0.attn.q_lif,0.380340,1.613787
30,14,stage2.0.attn.k_lif,0.414447,1.707787
30,15,stage2.0.attn.v_lif,0.406824,1.685840
30,16,stage2.0.attn.attn_lif,0.616597,2.608224
30,17,stage2.0.mlp.fc1_lif,0.666267,2.996403
30,18,stage2.0.mlp.fc2_lif,0.636452,2.750667
30,19,patch_embed3.embed1.embed_lif,0.524098,2.101273
30,20,patch_embed3.orig_embed1.embed_lif,0.348599,1.535153
30,21,patch_embed3.embed2.embed_lif,0.500000,2.000000
30,22,stage3.0.attn.x_lif,0.542452,2.185565
30,23,stage3.0.attn.q_lif,0.403599,1.676725
30,24,stage3.0.attn.k_lif,0.371391,1.590813
30,25,stage3.0.attn.v_lif,0.383394,1.621782
30,26,stage3.0.attn.attn_lif,0.396130,1.655985
30,27,stage3.0.mlp.fc1_lif,0.613795,2.589296
30,28,stage3.0.mlp.fc2_lif,0.638307,2.764773
30,29,stage3.1.attn.x_lif,0.512521,2.051369
30,30,stage3.1.attn.q_lif,0.284682,1.397979
30,31,stage3.1.attn.k_lif,0.298515,1.425548
30,32,stage3.1.attn.v_lif,0.383081,1.620960
30,33,stage3.1.attn.attn_lif,0.197566,1.246208
30,34,stage3.1.mlp.fc1_lif,0.664628,2.981765
30,35,stage3.1.mlp.fc2_lif,0.648398,2.844127
30,36,head_lif,0.349480,1.537231
35,0,patch_embed1.embed1.embed_lif,0.323725,1.478689
35,1,patch_embed1.embed2.embed_lif,0.463170,1.862787
35,2,stage1.0.attn.x_lif,0.429483,1.752795
35,3,stage1.0.attn.q_lif,0.283795,1.396248
35,4,stage1.0.attn.k_lif,0.438699,1.781576
35,5,stage1.0.attn.v_lif,0.447936,1.811383
35,6,stage1.0.attn.attn_lif,0.787581,4.707683
35,7,stage1.0.mlp.fc1_lif,0.641933,2.792772
35,8,stage1.0.mlp.fc2_lif,0.489250,1.957906
35,9,patch_embed2.embed1.embed_lif,0.557160,2.258150
35,10,patch_embed2.orig_embed1.embed_lif,0.349928,1.538291
35,11,patch_embed2.embed2.embed_lif,0.500000,2.000000
35,12,stage2.0.attn.x_lif,0.524954,2.105059
35,13,stage2.0.attn.q_lif,0.375620,1.601589
35,14,stage2.0.attn.k_lif,0.414160,1.706952
35,15,stage2.0.attn.v_lif,0.399348,1.664859
35,16,stage2.0.attn.attn_lif,0.645499,2.820867
35,17,stage2.0.mlp.fc1_lif,0.677765,3.103328
35,18,stage2.0.mlp.fc2_lif,0.638382,2.765352
35,19,patch_embed3.embed1.embed_lif,0.522967,2.096289
35,20,patch_embed3.orig_embed1.embed_lif,0.322982,1.477065
35,21,patch_embed3.embed2.embed_lif,0.500000,2.000000
35,22,stage3.0.attn.x_lif,0.543999,2.192976
35,23,stage3.0.attn.q_lif,0.379617,1.611907
35,24,stage3.0.attn.k_lif,0.357161,1.555599
35,25,stage3.0.attn.v_lif,0.369675,1.586483
35,26,stage3.0.attn.attn_lif,0.391613,1.643691
35,27,stage3.0.mlp.fc1_lif,0.630605,2.707128
35,28,stage3.0.mlp.fc2_lif,0.631706,2.715220
35,29,stage3.1.attn.x_lif,0.508187,2.033293
35,30,stage3.1.attn.q_lif,0.278742,1.386467
35,31,stage3.1.attn.k_lif,0.292641,1.413710
35,32,stage3.1.attn.v_lif,0.380546,1.614326
35,33,stage3.1.attn.attn_lif,0.188673,1.232549
35,34,stage3.1.mlp.fc1_lif,0.669088,3.021954
35,35,stage3.1.mlp.fc2_lif,0.613901,2.590011
35,36,head_lif,0.349211,1.536596
40,0,patch_embed1.embed1.embed_lif,0.307659,1.444375
40,1,patch_embed1.embed2.embed_lif,0.473597,1.899686
40,2,stage1.0.attn.x_lif,0.412352,1.701700
40,3,stage1.0.attn.q_lif,0.278851,1.386676
40,4,stage1.0.attn.k_lif,0.436497,1.774612
40,5,stage1.0.attn.v_lif,0.431206,1.758107
40,6,stage1.0.attn.attn_lif,0.812216,5.325262
40,7,stage1.0.mlp.fc1_lif,0.651813,2.872020
40,8,stage1.0.mlp.fc2_lif,0.478705,1.918300
40,9,patch_embed2.embed1.embed_lif,0.552818,2.236227
40,10,patch_embed2.orig_embed1.embed_lif,0.332294,1.497664
40,11,patch_embed2.embed2.embed_lif,0.500000,2.000000
40,12,stage2.0.attn.x_lif,0.523551,2.098862
40,13,stage2.0.attn.q_lif,0.362632,1.568952
40,14,stage2.0.attn.k_lif,0.406368,1.684545
40,15,stage2.0.attn.v_lif,0.390426,1.640490
40,16,stage2.0.attn.attn_lif,0.666220,2.995986
40,17,stage2.0.mlp.fc1_lif,0.684810,3.172693
40,18,stage2.0.mlp.fc2_lif,0.640367,2.780615
40,19,patch_embed3.embed1.embed_lif,0.522975,2.096328
40,20,patch_embed3.orig_embed1.embed_lif,0.304325,1.437454
40,21,patch_embed3.embed2.embed_lif,0.500000,2.000000
40,22,stage3.0.attn.x_lif,0.537570,2.162488
40,23,stage3.0.attn.q_lif,0.361342,1.565784
40,24,stage3.0.attn.k_lif,0.347629,1.532870
40,25,stage3.0.attn.v_lif,0.350743,1.540223
40,26,stage3.0.attn.attn_lif,0.389092,1.636907
40,27,stage3.0.mlp.fc1_lif,0.643392,2.804196
40,28,stage3.0.mlp.fc2_lif,0.617957,2.617504
40,29,stage3.1.attn.x_lif,0.505272,2.021315
40,30,stage3.1.attn.q_lif,0.272318,1.374227
40,31,stage3.1.attn.k_lif,0.287966,1.404427
40,32,stage3.1.attn.v_lif,0.378903,1.610054
40,33,stage3.1.attn.attn_lif,0.183159,1.224229
40,34,stage3.1.mlp.fc1_lif,0.674058,3.068033
40,35,stage3.1.mlp.fc2_lif,0.579782,2.379714
40,36,head_lif,0.350967,1.540754
45,0,patch_embed1.embed1.embed_lif,0.306209,1.441357
45,1,patch_embed1.embed2.embed_lif,0.479375,1.920768
45,2,stage1.0.attn.x_lif,0.407884,1.688859
45,3,stage1.0.attn.q_lif,0.282401,1.393535
45,4,stage1.0.attn.k_lif,0.438768,1.781794
45,5,stage1.0.attn.v_lif,0.431533,1.759116
45,6,stage1.0.attn.attn_lif,0.831243,5.925680
45,7,stage1.0.mlp.fc1_lif,0.662430,2.962352
45,8,stage1.0.mlp.fc2_lif,0.473481,1.899268
45,9,patch_embed2.embed1.embed_lif,0.544507,2.195425
45,10,patch_embed2.orig_embed1.embed_lif,0.317801,1.465847
45,11,patch_embed2.embed2.embed_lif,0.500000,2.000000
45,12,stage2.0.attn.x_lif,0.518270,2.075852
45,13,stage2.0.attn.q_lif,0.351684,1.542459
45,14,stage2.0.attn.k_lif,0.399908,1.666411
45,15,stage2.0.attn.v_lif,0.382594,1.619678
45,16,stage2.0.attn.attn_lif,0.680529,3.130179
45,17,stage2.0.mlp.fc1_lif,0.689851,3.224259
45,18,stage2.0.mlp.fc2_lif,0.636481,2.750886
45,19,patch_embed3.embed1.embed_lif,0.527283,2.115430
45,20,patch_embed3.orig_embed1.embed_lif,0.289443,1.407347
45,21,patch_embed3.embed2.embed_lif,0.500000,2.000000
45,22,stage3.0.attn.x_lif,0.522159,2.092745
45,23,stage3.0.attn.q_lif,0.340016,1.515188
45,24,stage3.0.attn.k_lif,0.334228,1.502015
45,25,stage3.0.attn.v_lif,0.334296,1.502169
45,26,stage3.0.attn.attn_lif,0.379558,1.611753
45,27,stage3.0.mlp.fc1_lif,0.648730,2.846811
45,28,stage3.0.mlp.fc2_lif,0.598858,2.492885
45,29,stage3.1.attn.x_lif,0.503878,2.015633
45,30,stage3.1.attn.q_lif,0.267367,1.364941
45,31,stage3.1.attn.k_lif,0.286573,1.401686
45,32,stage3.1.attn.v_lif,0.366692,1.579011
45,33,stage3.1.attn.attn_lif,0.181372,1.221557
45,34,stage3.1.mlp.fc1_lif,0.674100,3.068422
45,35,stage3.1.mlp.fc2_lif,0.539289,2.170557
45,36,head_lif,0.347609,1.532823
50,0,patch_embed1.embed1.embed_lif,0.294988,1.418417
50,1,patch_embed1.embed2.embed_lif,0.477598,1.914235
50,2,stage1.0.attn.x_lif,0.397348,1.659334
50,3,stage1.0.attn.q_lif,0.280062,1.389009
50,4,stage1.0.attn.k_lif,0.429477,1.752779
50,5,stage1.0.attn.v_lif,0.419610,1.722980
50,6,stage1.0.attn.attn_lif,0.844298,6.422514
50,7,stage1.0.mlp.fc1_lif,0.668711,3.018516
50,8,stage1.0.mlp.fc2_lif,0.465925,1.872398
50,9,patch_embed2.embed1.embed_lif,0.534423,2.147871
50,10,patch_embed2.orig_embed1.embed_lif,0.307734,1.444532
50,11,patch_embed2.embed2.embed_lif,0.500000,2.000000
50,12,stage2.0.attn.x_lif,0.515298,2.063125
50,13,stage2.0.attn.q_lif,0.340952,1.517339
50,14,stage2.0.attn.k_lif,0.391956,1.644617
50,15,stage2.0.attn.v_lif,0.377471,1.606350
50,16,stage2.0.attn.attn_lif,0.692888,3.256145
50,17,stage2.0.mlp.fc1_lif,0.694976,3.278426
50,18,stage2.0.mlp.fc2_lif,0.631796,2.715883
50,19,patch_embed3.embed1.embed_lif,0.526021,2.109798
50,20,patch_embed3.orig_embed1.embed_lif,0.284519,1.397661
50,21,patch_embed3.embed2.embed_lif,0.500000,2.000000
50,22,stage3.0.attn.x_lif,0.516808,2.069570
50,23,stage3.0.attn.q_lif,0.316885,1.463883
50,24,stage3.0.attn.k_lif,0.326602,1.485005
50,25,stage3.0.attn.v_lif,0.333020,1.499295
50,26,stage3.0.attn.attn_lif,0.378202,1.608238
50,27,stage3.0.mlp.fc1_lif,0.648622,2.845940
50,28,stage3.0.mlp.fc2_lif,0.580897,2.386050
50,29,stage3.1.attn.x_lif,0.509791,2.039948
50,30,stage3.1.attn.q_lif,0.261848,1.354734
50,31,stage3.1.attn.k_lif,0.287440,1.403391
50,32,stage3.1.attn.v_lif,0.355755,1.552205
50,33,stage3.1.attn.attn_lif,0.177960,1.216486
50,34,stage3.1.mlp.fc1_lif,0.671956,3.048367
50,35,stage3.1.mlp.fc2_lif,0.505131,2.020735
50,36,head_lif,0.347141,1.531725
55,0,patch_embed1.embed1.embed_lif,0.296439,1.421340
55,1,patch_embed1.embed2.embed_lif,0.475674,1.907211
55,2,stage1.0.attn.x_lif,0.394882,1.652570
55,3,stage1.0.attn.q_lif,0.270127,1.370102
55,4,stage1.0.attn.k_lif,0.418741,1.720403
55,5,stage1.0.attn.v_lif,0.409480,1.693422
55,6,stage1.0.attn.attn_lif,0.854950,6.894178
55,7,stage1.0.mlp.fc1_lif,0.669929,3.029651
55,8,stage1.0.mlp.fc2_lif,0.460181,1.852474
55,9,patch_embed2.embed1.embed_lif,0.528866,2.122538
55,10,patch_embed2.orig_embed1.embed_lif,0.295321,1.419086
55,11,patch_embed2.embed2.embed_lif,0.500000,2.000000
55,12,stage2.0.attn.x_lif,0.512268,2.050308
55,13,stage2.0.attn.q_lif,0.333944,1.501376
55,14,stage2.0.attn.k_lif,0.385055,1.626162
55,15,stage2.0.attn.v_lif,0.374307,1.598227
55,16,stage2.0.attn.attn_lif,0.700764,3.341844
55,17,stage2.0.mlp.fc1_lif,0.697610,3.306992
55,18,stage2.0.mlp.fc2_lif,0.628279,2.690192
55,19,patch_embed3.embed1.embed_lif,0.519910,2.082942
55,20,patch_embed3.orig_embed1.embed_lif,0.276746,1.382640
55,21,patch_embed3.embed2.embed_lif,0.500000,2.000000
55,22,stage3.0.attn.x_lif,0.500885,2.003546
55,23,stage3.0.attn.q_lif,0.305735,1.440371
55,24,stage3.0.attn.k_lif,0.322598,1.476228
55,25,stage3.0.attn.v_lif,0.323457,1.478102
55,26,stage3.0.attn.attn_lif,0.372082,1.592564
55,27,stage3.0.mlp.fc1_lif,0.647948,2.840493
55,28,stage3.0.mlp.fc2_lif,0.558177,2.263350
55,29,stage3.1.attn.x_lif,0.513220,2.054316
55,30,stage3.1.attn.q_lif,0.268116,1.366336
55,31,stage3.1.attn.k_lif,0.291005,1.410447
55,32,stage3.1.attn.v_lif,0.350715,1.540155
55,33,stage3.1.attn.attn_lif,0.183627,1.224930
55,34,stage3.1.mlp.fc1_lif,0.668067,3.012658
55,35,stage3.1.mlp.fc2_lif,0.477087,1.912366
55,36,head_lif,0.344896,1.526476
60,0,patch_embed1.embed1.embed_lif,0.281483,1.391756
60,1,patch_embed1.embed2.embed_lif,0.476521,1.910297
60,2,stage1.0.attn.x_lif,0.390164,1.639786
60,3,stage1.0.attn.q_lif,0.272514,1.374597
60,4,stage1.0.attn.k_lif,0.419440,1.722475
60,5,stage1.0.attn.v_lif,0.408707,1.691208
60,6,stage1.0.attn.attn_lif,0.864094,7.358041
60,7,stage1.0.mlp.fc1_lif,0.671599,3.045053
60,8,stage1.0.mlp.fc2_lif,0.457607,1.843681
60,9,patch_embed2.embed1.embed_lif,0.523193,2.097287
60,10,patch_embed2.orig_embed1.embed_lif,0.291269,1.410973
60,11,patch_embed2.embed2.embed_lif,0.500000,2.000000
60,12,stage2.0.attn.x_lif,0.511761,2.048178
60,13,stage2.0.attn.q_lif,0.327797,1.487646
60,14,stage2.0.attn.k_lif,0.381781,1.617549
60,15,stage2.0.attn.v_lif,0.367335,1.580616
60,16,stage2.0.attn.attn_lif,0.705989,3.401237
60,17,stage2.0.mlp.fc1_lif,0.699630,3.329232
60,18,stage2.0.mlp.fc2_lif,0.623382,2.655209
60,19,patch_embed3.embed1.embed_lif,0.521435,2.089580
60,20,patch_embed3.orig_embed1.embed_lif,0.273176,1.375849
60,21,patch_embed3.embed2.embed_lif,0.500000,2.000000
60,22,stage3.0.attn.x_lif,0.491252,1.965611
60,23,stage3.0.attn.q_lif,0.282059,1.392871
60,24,stage3.0.attn.k_lif,0.307738,1.444540
60,25,stage3.0.attn.v_lif,0.311550,1.452539
60,26,stage3.0.attn.attn_lif,0.358141,1.557973
60,27,stage3.0.mlp.fc1_lif,0.643638,2.806139
60,28,stage3.0.mlp.fc2_lif,0.541811,2.182503
60,29,stage3.1.attn.x_lif,0.510403,2.042497
60,30,stage3.1.attn.q_lif,0.268023,1.366163
60,31,stage3.1.attn.k_lif,0.290338,1.409122
60,32,stage3.1.attn.v_lif,0.347741,1.533132
60,33,stage3.1.attn.attn_lif,0.185761,1.228140
60,34,stage3.1.mlp.fc1_lif,0.663283,2.969853
60,35,stage3.1.mlp.fc2_lif,0.453632,1.830269
60,36,head_lif,0.344883,1.526445
65,0,patch_embed1.embed1.embed_lif,0.283946,1.396543
65,1,patch_embed1.embed2.embed_lif,0.479471,1.921123
65,2,stage1.0.attn.x_lif,0.382029,1.618198
65,3,stage1.0.attn.q_lif,0.269005,1.367998
65,4,stage1.0.attn.k_lif,0.414520,1.707999
65,5,stage1.0.attn.v_lif,0.407561,1.687938
65,6,stage1.0.attn.attn_lif,0.870444,7.718673
65,7,stage1.0.mlp.fc1_lif,0.670665,3.036423
65,8,stage1.0.mlp.fc2_lif,0.456652,1.840440
65,9,patch_embed2.embed1.embed_lif,0.523842,2.100143
65,10,patch_embed2.orig_embed1.embed_lif,0.286904,1.402337
65,11,patch_embed2.embed2.embed_lif,0.500000,2.000000
65,12,stage2.0.attn.x_lif,0.502760,2.011102
65,13,stage2.0.attn.q_lif,0.324824,1.481095
65,14,stage2.0.attn.k_lif,0.379831,1.612465
65,15,stage2.0.attn.v_lif,0.368364,1.583189
65,16,stage2.0.attn.attn_lif,0.714400,3.501400
65,17,stage2.0.mlp.fc1_lif,0.704855,3.388163
65,18,stage2.0.mlp.fc2_lif,0.619306,2.626782
65,19,patch_embed3.embed1.embed_lif,0.521024,2.087786
65,20,patch_embed3.orig_embed1.embed_lif,0.273759,1.376954
65,21,patch_embed3.embed2.embed_lif,0.500000,2.000000
65,22,stage3.0.attn.x_lif,0.484156,1.938572
65,23,stage3.0.attn.q_lif,0.276447,1.382068
65,24,stage3.0.attn.k_lif,0.300831,1.430270
65,25,stage3.0.attn.v_lif,0.302518,1.433729
65,26,stage3.0.attn.attn_lif,0.352449,1.544281
65,27,stage3.0.mlp.fc1_lif,0.636284,2.749396
65,28,stage3.0.mlp.fc2_lif,0.521460,2.089689
65,29,stage3.1.attn.x_lif,0.509655,2.039379
65,30,stage3.1.attn.q_lif,0.267291,1.364799
65,31,stage3.1.attn.k_lif,0.294097,1.416625
65,32,stage3.1.attn.v_lif,0.349791,1.537968
65,33,stage3.1.attn.attn_lif,0.181597,1.221893
65,34,stage3.1.mlp.fc1_lif,0.659969,2.940909
65,35,stage3.1.mlp.fc2_lif,0.436294,1.773974
65,36,head_lif,0.342788,1.521580
70,0,patch_embed1.embed1.embed_lif,0.275588,1.380430
70,1,patch_embed1.embed2.embed_lif,0.476670,1.910841
70,2,stage1.0.attn.x_lif,0.379168,1.610742
70,3,stage1.0.attn.q_lif,0.277863,1.384779
70,4,stage1.0.attn.k_lif,0.416673,1.714305
70,5,stage1.0.attn.v_lif,0.412266,1.701450
70,6,stage1.0.attn.attn_lif,0.875639,8.041077
70,7,stage1.0.mlp.fc1_lif,0.668425,3.015910
70,8,stage1.0.mlp.fc2_lif,0.454781,1.834127
70,9,patch_embed2.embed1.embed_lif,0.520838,2.086977
70,10,patch_embed2.orig_embed1.embed_lif,0.288965,1.406401
70,11,patch_embed2.embed2.embed_lif,0.500000,2.000000
70,12,stage2.0.attn.x_lif,0.500348,2.001391
70,13,stage2.0.attn.q_lif,0.320873,1.472478
70,14,stage2.0.attn.k_lif,0.379222,1.610883
70,15,stage2.0.attn.v_lif,0.359455,1.561170
70,16,stage2.0.attn.attn_lif,0.718807,3.556277
70,17,stage2.0.mlp.fc1_lif,0.704346,3.382327
70,18,stage2.0.mlp.fc2_lif,0.611004,2.570722
70,19,patch_embed3.embed1.embed_lif,0.515757,2.065080
70,20,patch_embed3.orig_embed1.embed_lif,0.275697,1.380638
70,21,patch_embed3.embed2.embed_lif,0.500000,2.000000
70,22,stage3.0.attn.x_lif,0.481088,1.927109
70,23,stage3.0.attn.q_lif,0.263941,1.358587
70,24,stage3.0.attn.k_lif,0.290053,1.408557
70,25,stage3.0.attn.v_lif,0.297710,1.423913
70,26,stage3.0.attn.attn_lif,0.339946,1.515028
70,27,stage3.0.mlp.fc1_lif,0.626660,2.678525
70,28,stage3.0.mlp.fc2_lif,0.501147,2.004597
70,29,stage3.1.attn.x_lif,0.507625,2.030974
70,30,stage3.1.attn.q_lif,0.265341,1.361176
70,31,stage3.1.attn.k_lif,0.294873,1.418184
70,32,stage3.1.attn.v_lif,0.344584,1.525748
70,33,stage3.1.attn.attn_lif,0.184480,1.226211
70,34,stage3.1.mlp.fc1_lif,0.651630,2.870512
70,35,stage3.1.mlp.fc2_lif,0.421357,1.728182
70,36,head_lif,0.343268,1.522690
75,0,patch_embed1.embed1.embed_lif,0.271228,1.372172
75,1,patch_embed1.embed2.embed_lif,0.483008,1.934265
75,2,stage1.0.attn.x_lif,0.368149,1.582651
75,3,stage1.0.attn.q_lif,0.271979,1.373586
75,4,stage1.0.attn.k_lif,0.412512,1.702162
75,5,stage1.0.attn.v_lif,0.406633,1.685297
75,6,stage1.0.attn.attn_lif,0.879541,8.301557
75,7,stage1.0.mlp.fc1_lif,0.666943,3.002488
75,8,stage1.0.mlp.fc2_lif,0.455163,1.835413
75,9,patch_embed2.embed1.embed_lif,0.517215,2.071315
75,10,patch_embed2.orig_embed1.embed_lif,0.281807,1.392383
75,11,patch_embed2.embed2.embed_lif,0.500000,2.000000
75,12,stage2.0.attn.x_lif,0.491619,1.967029
75,13,stage2.0.attn.q_lif,0.318299,1.466919
75,14,stage2.0.attn.k_lif,0.376140,1.602923
75,15,stage2.0.attn.v_lif,0.349605,1.537528
75,16,stage2.0.attn.attn_lif,0.722707,3.606297
75,17,stage2.0.mlp.fc1_lif,0.706370,3.405652
75,18,stage2.0.mlp.fc2_lif,0.604240,2.526786
75,19,patch_embed3.embed1.embed_lif,0.523482,2.098556
75,20,patch_embed3.orig_embed1.embed_lif,0.269326,1.368599
75,21,patch_embed3.embed2.embed_lif,0.500000,2.000000
75,22,stage3.0.attn.x_lif,0.466210,1.873395
75,23,stage3.0.attn.q_lif,0.252251,1.337347
75,24,stage3.0.attn.k_lif,0.285997,1.400554
75,25,stage3.0.attn.v_lif,0.289381,1.407223
75,26,stage3.0.attn.attn_lif,0.334237,1.502035
75,27,stage3.0.mlp.fc1_lif,0.616687,2.608831
75,28,stage3.0.mlp.fc2_lif,0.481696,1.929368
75,29,stage3.1.attn.x_lif,0.516485,2.068187
75,30,stage3.1.attn.q_lif,0.263284,1.357376
75,31,stage3.1.attn.k_lif,0.294185,1.416802
75,32,stage3.1.attn.v_lif,0.337614,1.509694
75,33,stage3.1.attn.attn_lif,0.181018,1.221029
75,34,stage3.1.mlp.fc1_lif,0.647305,2.835309
75,35,stage3.1.mlp.fc2_lif,0.407601,1.688051
75,36,head_lif,0.339430,1.513845
80,0,patch_embed1.embed1.embed_lif,0.266988,1.364233
80,1,patch_embed1.embed2.embed_lif,0.483566,1.936357
80,2,stage1.0.attn.x_lif,0.364494,1.573548
80,3,stage1.0.attn.q_lif,0.276306,1.381799
80,4,stage1.0.attn.k_lif,0.413936,1.706298
80,5,stage1.0.attn.v_lif,0.404169,1.678328
80,6,stage1.0.attn.attn_lif,0.882845,8.535713
80,7,stage1.0.mlp.fc1_lif,0.670088,3.031115
80,8,stage1.0.mlp.fc2_lif,0.457135,1.842079
80,9,patch_embed2.embed1.embed_lif,0.514765,2.060857
80,10,patch_embed2.orig_embed1.embed_lif,0.280598,1.390043
80,11,patch_embed2.embed2.embed_lif,0.500000,2.000000
80,12,stage2.0.attn.x_lif,0.487932,1.952866
80,13,stage2.0.attn.q_lif,0.314417,1.458612
80,14,stage2.0.attn.k_lif,0.372663,1.594039
80,15,stage2.0.attn.v_lif,0.348469,1.534847
80,16,stage2.0.attn.attn_lif,0.724377,3.628139
80,17,stage2.0.mlp.fc1_lif,0.704885,3.388504
80,18,stage2.0.mlp.fc2_lif,0.594951,2.468838
80,19,patch_embed3.embed1.embed_lif,0.524172,2.101598
80,20,patch_embed3.orig_embed1.embed_lif,0.268804,1.367622
80,21,patch_embed3.embed2.embed_lif,0.500000,2.000000
80,22,stage3.0.attn.x_lif,0.452678,1.827078
80,23,stage3.0.attn.q_lif,0.243838,1.322469
80,24,stage3.0.attn.k_lif,0.279478,1.387882
80,25,stage3.0.attn.v_lif,0.282383,1.393501
80,26,stage3.0.attn.attn_lif,0.333166,1.499624
80,27,stage3.0.mlp.fc1_lif,0.607412,2.547199
80,28,stage3.0.mlp.fc2_lif,0.465865,1.872186
80,29,stage3.1.attn.x_lif,0.517810,2.073873
80,30,stage3.1.attn.q_lif,0.265509,1.361486
80,31,stage3.1.attn.k_lif,0.300463,1.429516
80,32,stage3.1.attn.v_lif,0.338958,1.512764
80,33,stage3.1.attn.attn_lif,0.187547,1.230841
80,34,stage3.1.mlp.fc1_lif,0.640609,2.782488
80,35,stage3.1.mlp.fc2_lif,0.395089,1.653135
80,36,head_lif,0.336573,1.507324
85,0,patch_embed1.embed1.embed_lif,0.267590,1.365356
85,1,patch_embed1.embed2.embed_lif,0.483388,1.935690
85,2,stage1.0.attn.x_lif,0.355366,1.551267
85,3,stage1.0.attn.q_lif,0.272652,1.374858
85,4,stage1.0.attn.k_lif,0.410094,1.695186
85,5,stage1.0.attn.v_lif,0.406271,1.684271
85,6,stage1.0.attn.attn_lif,0.885891,8.763516
85,7,stage1.0.mlp.fc1_lif,0.665652,2.990893
85,8,stage1.0.mlp.fc2_lif,0.457019,1.841684
85,9,patch_embed2.embed1.embed_lif,0.512477,2.051183
85,10,patch_embed2.orig_embed1.embed_lif,0.279329,1.387597
85,11,patch_embed2.embed2.embed_lif,0.500000,2.000000
85,12,stage2.0.attn.x_lif,0.485470,1.943523
85,13,stage2.0.attn.q_lif,0.312955,1.455509
85,14,stage2.0.attn.k_lif,0.371341,1.590688
85,15,stage2.0.attn.v_lif,0.342413,1.520711
85,16,stage2.0.attn.attn_lif,0.727442,3.668938
85,17,stage2.0.mlp.fc1_lif,0.702884,3.365689
85,18,stage2.0.mlp.fc2_lif,0.587281,2.422956
85,19,patch_embed3.embed1.embed_lif,0.521323,2.089090
85,20,patch_embed3.orig_embed1.embed_lif,0.270098,1.370047
85,21,patch_embed3.embed2.embed_lif,0.500000,2.000000
85,22,stage3.0.attn.x_lif,0.441697,1.791142
85,23,stage3.0.attn.q_lif,0.235368,1.307819
85,24,stage3.0.attn.k_lif,0.275602,1.380457
85,25,stage3.0.attn.v_lif,0.277487,1.384058
85,26,stage3.0.attn.attn_lif,0.333396,1.500142
85,27,stage3.0.mlp.fc1_lif,0.596339,2.477326
85,28,stage3.0.mlp.fc2_lif,0.448117,1.811979
85,29,stage3.1.attn.x_lif,0.513803,2.056780
85,30,stage3.1.attn.q_lif,0.266708,1.363714
85,31,stage3.1.attn.k_lif,0.304400,1.437607
85,32,stage3.1.attn.v_lif,0.331361,1.495575
85,33,stage3.1.attn.attn_lif,0.190266,1.234973
85,34,stage3.1.mlp.fc1_lif,0.635533,2.743731
85,35,stage3.1.mlp.fc2_lif,0.384883,1.625706
85,36,head_lif,0.330175,1.492927
90,0,patch_embed1.embed1.embed_lif,0.264571,1.359751
90,1,patch_embed1.embed2.embed_lif,0.486481,1.947348
90,2,stage1.0.attn.x_lif,0.350760,1.540262
90,3,stage1.0.attn.q_lif,0.276943,1.383017
90,4,stage1.0.attn.k_lif,0.409226,1.692694
90,5,stage1.0.attn.v_lif,0.409353,1.693058
90,6,stage1.0.attn.attn_lif,0.887885,8.919376
90,7,stage1.0.mlp.fc1_lif,0.663479,2.971581
90,8,stage1.0.mlp.fc2_lif,0.458782,1.847686
90,9,patch_embed2.embed1.embed_lif,0.507442,2.030217
90,10,patch_embed2.orig_embed1.embed_lif,0.278526,1.386052
90,11,patch_embed2.embed2.embed_lif,0.500000,2.000000
90,12,stage2.0.attn.x_lif,0.479511,1.921269
90,13,stage2.0.attn.q_lif,0.307190,1.443397
90,14,stage2.0.attn.k_lif,0.365291,1.575525
90,15,stage2.0.attn.v_lif,0.337764,1.510036
90,16,stage2.0.attn.attn_lif,0.727641,3.671627
90,17,stage2.0.mlp.fc1_lif,0.701103,3.345633
90,18,stage2.0.mlp.fc2_lif,0.581294,2.388311
90,19,patch_embed3.embed1.embed_lif,0.523602,2.099085
90,20,patch_embed3.orig_embed1.embed_lif,0.268431,1.366924
90,21,patch_embed3.embed2.embed_lif,0.500000,2.000000
90,22,stage3.0.attn.x_lif,0.438526,1.781025
90,23,stage3.0.attn.q_lif,0.226342,1.292560
90,24,stage3.0.attn.k_lif,0.266353,1.363053
90,25,stage3.0.attn.v_lif,0.269983,1.369831
90,26,stage3.0.attn.attn_lif,0.333585,1.500567
90,27,stage3.0.mlp.fc1_lif,0.583093,2.398618
90,28,stage3.0.mlp.fc2_lif,0.428593,1.750065
90,29,stage3.1.attn.x_lif,0.522222,2.093021
90,30,stage3.1.attn.q_lif,0.266944,1.364152
90,31,stage3.1.attn.k_lif,0.305784,1.440474
90,32,stage3.1.attn.v_lif,0.333085,1.499443
90,33,stage3.1.attn.attn_lif,0.198111,1.247055
90,34,stage3.1.mlp.fc1_lif,0.632332,2.719845
90,35,stage3.1.mlp.fc2_lif,0.378979,1.610253
90,36,head_lif,0.324359,1.480077
95,0,patch_embed1.embed1.embed_lif,0.259835,1.351050
95,1,patch_embed1.embed2.embed_lif,0.488537,1.955177
95,2,stage1.0.attn.x_lif,0.348635,1.535239
95,3,stage1.0.attn.q_lif,0.275288,1.379858
95,4,stage1.0.attn.k_lif,0.409223,1.692685
95,5,stage1.0.attn.v_lif,0.404216,1.678462
95,6,stage1.0.attn.attn_lif,0.889264,9.030467
95,7,stage1.0.mlp.fc1_lif,0.659181,2.934109
95,8,stage1.0.mlp.fc2_lif,0.458299,1.846037
95,9,patch_embed2.embed1.embed_lif,0.507529,2.030576
95,10,patch_embed2.orig_embed1.embed_lif,0.277201,1.383511
95,11,patch_embed2.embed2.embed_lif,0.500000,2.000000
95,12,stage2.0.attn.x_lif,0.476136,1.908892
95,13,stage2.0.attn.q_lif,0.309728,1.448703
95,14,stage2.0.attn.k_lif,0.364612,1.573842
95,15,stage2.0.attn.v_lif,0.335889,1.505772
95,16,stage2.0.attn.attn_lif,0.730795,3.714643
95,17,stage2.0.mlp.fc1_lif,0.700198,3.335535
95,18,stage2.0.mlp.fc2_lif,0.574820,2.351943
95,19,patch_embed3.embed1.embed_lif,0.523801,2.099961
95,20,patch_embed3.orig_embed1.embed_lif,0.265488,1.361448
95,21,patch_embed3.embed2.embed_lif,0.500000,2.000000
95,22,stage3.0.attn.x_lif,0.430891,1.757133
95,23,stage3.0.attn.q_lif,0.221084,1.283835
95,24,stage3.0.attn.k_lif,0.264024,1.358740
95,25,stage3.0.attn.v_lif,0.265084,1.360699
95,26,stage3.0.attn.attn_lif,0.335558,1.505021
95,27,stage3.0.mlp.fc1_lif,0.571077,2.331419
95,28,stage3.0.mlp.fc2_lif,0.417017,1.715317
95,29,stage3.1.attn.x_lif,0.521572,2.090179
95,30,stage3.1.attn.q_lif,0.261931,1.354887
95,31,stage3.1.attn.k_lif,0.303867,1.436507
95,32,stage3.1.attn.v_lif,0.325527,1.482639
95,33,stage3.1.attn.attn_lif,0.200252,1.250395
95,34,stage3.1.mlp.fc1_lif,0.625080,2.667233
95,35,stage3.1.mlp.fc2_lif,0.367958,1.582173
95,36,head_lif,0.317180,1.464515
100,0,patch_embed1.embed1.embed_lif,0.256154,1.344364
100,1,patch_embed1.embed2.embed_lif,0.489595,1.959230
100,2,stage1.0.attn.x_lif,0.347451,1.532453
100,3,stage1.0.attn.q_lif,0.277819,1.384695
100,4,stage1.0.attn.k_lif,0.411315,1.698703
100,5,stage1.0.attn.v_lif,0.402649,1.674057
100,6,stage1.0.attn.attn_lif,0.890885,9.164631
100,7,stage1.0.mlp.fc1_lif,0.656357,2.909999
100,8,stage1.0.mlp.fc2_lif,0.460556,1.853761
100,9,patch_embed2.embed1.embed_lif,0.506148,2.024898
100,10,patch_embed2.orig_embed1.embed_lif,0.271660,1.372986
100,11,patch_embed2.embed2.embed_lif,0.500000,2.000000
100,12,stage2.0.attn.x_lif,0.470962,1.890222
100,13,stage2.0.attn.q_lif,0.308569,1.446276
100,14,stage2.0.attn.k_lif,0.365709,1.576563
100,15,stage2.0.attn.v_lif,0.332301,1.497681
100,16,stage2.0.attn.attn_lif,0.733134,3.747203
100,17,stage2.0.mlp.fc1_lif,0.697849,3.309599
100,18,stage2.0.mlp.fc2_lif,0.564782,2.297702
100,19,patch_embed3.embed1.embed_lif,0.524146,2.101485
100,20,patch_embed3.orig_embed1.embed_lif,0.262333,1.355625
100,21,patch_embed3.embed2.embed_lif,0.500000,2.000000
100,22,stage3.0.attn.x_lif,0.424826,1.738605
100,23,stage3.0.attn.q_lif,0.214857,1.273653
100,24,stage3.0.attn.k_lif,0.258503,1.348623
100,25,stage3.0.attn.v_lif,0.260030,1.351406
100,26,stage3.0.attn.attn_lif,0.333480,1.500330
100,27,stage3.0.mlp.fc1_lif,0.561146,2.278660
100,28,stage3.0.mlp.fc2_lif,0.399187,1.664412
100,29,stage3.1.attn.x_lif,0.523161,2.097144
100,30,stage3.1.attn.q_lif,0.258560,1.348727
100,31,stage3.1.attn.k_lif,0.301781,1.432216
100,32,stage3.1.attn.v_lif,0.318734,1.467856
100,33,stage3.1.attn.attn_lif,0.200613,1.250959
100,34,stage3.1.mlp.fc1_lif,0.619872,2.630690
100,35,stage3.1.mlp.fc2_lif,0.360658,1.564109
100,36,head_lif,0.310566,1.450466
105,0,patch_embed1.embed1.embed_lif,0.253122,1.338907
105,1,patch_embed1.embed2.embed_lif,0.490580,1.963017
105,2,stage1.0.attn.x_lif,0.348645,1.535261
105,3,stage1.0.attn.q_lif,0.277811,1.384679
105,4,stage1.0.attn.k_lif,0.412226,1.701335
105,5,stage1.0.attn.v_lif,0.401976,1.672173
105,6,stage1.0.attn.attn_lif,0.891762,9.238922
105,7,stage1.0.mlp.fc1_lif,0.655268,2.900806
105,8,stage1.0.mlp.fc2_lif,0.459201,1.849117
105,9,patch_embed2.embed1.embed_lif,0.505954,2.024103
105,10,patch_embed2.orig_embed1.embed_lif,0.268120,1.366344
105,11,patch_embed2.embed2.embed_lif,0.500000,2.000000
105,12,stage2.0.attn.x_lif,0.469644,1.885526
105,13,stage2.0.attn.q_lif,0.304915,1.438673
105,14,stage2.0.attn.k_lif,0.363848,1.571952
105,15,stage2.0.attn.v_lif,0.330933,1.494618
105,16,stage2.0.attn.attn_lif,0.733754,3.755921
105,17,stage2.0.mlp.fc1_lif,0.693413,3.261716
105,18,stage2.0.mlp.fc2_lif,0.556631,2.255455
105,19,patch_embed3.embed1.embed_lif,0.524326,2.102278
105,20,patch_embed3.orig_embed1.embed_lif,0.262670,1.356245
105,21,patch_embed3.embed2.embed_lif,0.500000,2.000000
105,22,stage3.0.attn.x_lif,0.416809,1.714705
105,23,stage3.0.attn.q_lif,0.210784,1.267081
105,24,stage3.0.attn.k_lif,0.255743,1.343622
105,25,stage3.0.attn.v_lif,0.256301,1.344630
105,26,stage3.0.attn.attn_lif,0.333659,1.500732
105,27,stage3.0.mlp.fc1_lif,0.551139,2.227861
105,28,stage3.0.mlp.fc2_lif,0.381165,1.615939
105,29,stage3.1.attn.x_lif,0.524556,2.103298
105,30,stage3.1.attn.q_lif,0.257389,1.346601
105,31,stage3.1.attn.k_lif,0.302296,1.433273
105,32,stage3.1.attn.v_lif,0.315026,1.459910
105,33,stage3.1.attn.attn_lif,0.201733,1.252714
105,34,stage3.1.mlp.fc1_lif,0.615959,2.603889
105,35,stage3.1.mlp.fc2_lif,0.352947,1.545468
105,36,head_lif,0.304148,1.437087
110,0,patch_embed1.embed1.embed_lif,0.252124,1.337119
110,1,patch_embed1.embed2.embed_lif,0.491320,1.965872
110,2,stage1.0.attn.x_lif,0.346549,1.530336
110,3,stage1.0.attn.q_lif,0.278074,1.385184
110,4,stage1.0.attn.k_lif,0.412399,1.701834
110,5,stage1.0.attn.v_lif,0.400625,1.668404
110,6,stage1.0.attn.attn_lif,0.892406,9.294207
110,7,stage1.0.mlp.fc1_lif,0.653430,2.885416
110,8,stage1.0.mlp.fc2_lif,0.457959,1.844878
110,9,patch_embed2.embed1.embed_lif,0.505766,2.023332
110,10,patch_embed2.orig_embed1.embed_lif,0.266393,1.363128
110,11,patch_embed2.embed2.embed_lif,0.500000,2.000000
110,12,stage2.0.attn.x_lif,0.467370,1.877475
110,13,stage2.0.attn.q_lif,0.301889,1.432437
110,14,stage2.0.attn.k_lif,0.363457,1.570987
110,15,stage2.0.attn.v_lif,0.326156,1.484023
110,16,stage2.0.attn.attn_lif,0.733367,3.750474
110,17,stage2.0.mlp.fc1_lif,0.689436,3.219944
110,18,stage2.0.mlp.fc2_lif,0.550330,2.223851
110,19,patch_embed3.embed1.embed_lif,0.524403,2.102621
110,20,patch_embed3.orig_embed1.embed_lif,0.258953,1.349442
110,21,patch_embed3.embed2.embed_lif,0.500000,2.000000
110,22,stage3.0.attn.x_lif,0.412405,1.701854
110,23,stage3.0.attn.q_lif,0.206893,1.260864
110,24,stage3.0.attn.k_lif,0.250602,1.334404
110,25,stage3.0.attn.v_lif,0.252870,1.338455
110,26,stage3.0.attn.attn_lif,0.334420,1.502449
110,27,stage3.0.mlp.fc1_lif,0.542855,2.187492
110,28,stage3.0.mlp.fc2_lif,0.368071,1.582456
110,29,stage3.1.attn.x_lif,0.527545,2.116603
110,30,stage3.1.attn.q_lif,0.255101,1.342464
110,31,stage3.1.attn.k_lif,0.301112,1.430845
110,32,stage3.1.attn.v_lif,0.310621,1.450581
110,33,stage3.1.attn.attn_lif,0.205817,1.259155
110,34,stage3.1.mlp.fc1_lif,0.610203,2.565438
110,35,stage3.1.mlp.fc2_lif,0.343070,1.522231
110,36,head_lif,0.299831,1.428227
115,0,patch_embed1.embed1.embed_lif,0.252222,1.337295
115,1,patch_embed1.embed2.embed_lif,0.490938,1.964399
115,2,stage1.0.attn.x_lif,0.346686,1.530658
115,3,stage1.0.attn.q_lif,0.277482,1.384049
115,4,stage1.0.attn.k_lif,0.410661,1.696816
115,5,stage1.0.attn.v_lif,0.399857,1.666270
115,6,stage1.0.attn.attn_lif,0.892779,9.326565
115,7,stage1.0.mlp.fc1_lif,0.650834,2.863970
115,8,stage1.0.mlp.fc2_lif,0.458655,1.847252
115,9,patch_embed2.embed1.embed_lif,0.506980,2.028316
115,10,patch_embed2.orig_embed1.embed_lif,0.264123,1.358923
115,11,patch_embed2.embed2.embed_lif,0.500000,2.000000
115,12,stage2.0.attn.x_lif,0.461808,1.858072
115,13,stage2.0.attn.q_lif,0.298447,1.425409
115,14,stage2.0.attn.k_lif,0.360814,1.564490
115,15,stage2.0.attn.v_lif,0.324574,1.480548
115,16,stage2.0.attn.attn_lif,0.733238,3.748661
115,17,stage2.0.mlp.fc1_lif,0.686336,3.188120
115,18,stage2.0.mlp.fc2_lif,0.544752,2.196604
115,19,patch_embed3.embed1.embed_lif,0.524071,2.101153
115,20,patch_embed3.orig_embed1.embed_lif,0.254319,1.341056
115,21,patch_embed3.embed2.embed_lif,0.500000,2.000000
115,22,stage3.0.attn.x_lif,0.407608,1.688073
115,23,stage3.0.attn.q_lif,0.201450,1.252270
115,24,stage3.0.attn.k_lif,0.247251,1.328465
115,25,stage3.0.attn.v_lif,0.248236,1.330204
115,26,stage3.0.attn.attn_lif,0.334317,1.502217
115,27,stage3.0.mlp.fc1_lif,0.532338,2.138299
115,28,stage3.0.mlp.fc2_lif,0.353716,1.547308
115,29,stage3.1.attn.x_lif,0.529469,2.125259
115,30,stage3.1.attn.q_lif,0.255168,1.342585
115,31,stage3.1.attn.k_lif,0.303304,1.435346
115,32,stage3.1.attn.v_lif,0.308934,1.447040
115,33,stage3.1.attn.attn_lif,0.211892,1.268862
115,34,stage3.1.mlp.fc1_lif,0.605501,2.534863
115,35,stage3.1.mlp.fc2_lif,0.332367,1.497828
115,36,head_lif,0.291685,1.411801
120,0,patch_embed1.embed1.embed_lif,0.250770,1.334704
120,1,patch_embed1.embed2.embed_lif,0.491078,1.964936
120,2,stage1.0.attn.x_lif,0.345892,1.528799
120,3,stage1.0.attn.q_lif,0.277240,1.383585
120,4,stage1.0.attn.k_lif,0.411111,1.698114
120,5,stage1.0.attn.v_lif,0.400057,1.666824
120,6,stage1.0.attn.attn_lif,0.893130,9.357123
120,7,stage1.0.mlp.fc1_lif,0.649977,2.856957
120,8,stage1.0.mlp.fc2_lif,0.457995,1.845002
120,9,patch_embed2.embed1.embed_lif,0.506018,2.024365
120,10,patch_embed2.orig_embed1.embed_lif,0.260571,1.352395
120,11,patch_embed2.embed2.embed_lif,0.500000,2.000000
120,12,stage2.0.attn.x_lif,0.458673,1.847314
120,13,stage2.0.attn.q_lif,0.296748,1.421965
120,14,stage2.0.attn.k_lif,0.359901,1.562258
120,15,stage2.0.attn.v_lif,0.322135,1.475221
120,16,stage2.0.attn.attn_lif,0.733464,3.751834
120,17,stage2.0.mlp.fc1_lif,0.682567,3.150270
120,18,stage2.0.mlp.fc2_lif,0.539110,2.169713
120,19,patch_embed3.embed1.embed_lif,0.524448,2.102818
120,20,patch_embed3.orig_embed1.embed_lif,0.252414,1.337638
120,21,patch_embed3.embed2.embed_lif,0.500000,2.000000
120,22,stage3.0.attn.x_lif,0.403078,1.675261
120,23,stage3.0.attn.q_lif,0.198868,1.248234
120,24,stage3.0.attn.k_lif,0.245514,1.325405
120,25,stage3.0.attn.v_lif,0.245071,1.324628
120,26,stage3.0.attn.attn_lif,0.337064,1.508440
120,27,stage3.0.mlp.fc1_lif,0.524445,2.102808
120,28,stage3.0.mlp.fc2_lif,0.341386,1.518340
120,29,stage3.1.attn.x_lif,0.529927,2.127331
120,30,stage3.1.attn.q_lif,0.254873,1.342054
120,31,stage3.1.attn.k_lif,0.304460,1.437733
120,32,stage3.1.attn.v_lif,0.305908,1.440731
120,33,stage3.1.attn.attn_lif,0.215599,1.274858
120,34,stage3.1.mlp.fc1_lif,0.601022,2.506406
120,35,stage3.1.mlp.fc2_lif,0.323282,1.477721
120,36,head_lif,0.285966,1.400494
125,0,patch_embed1.embed1.embed_lif,0.250440,1.334116
125,1,patch_embed1.embed2.embed_lif,0.491461,1.966417
125,2,stage1.0.attn.x_lif,0.347185,1.531828
125,3,stage1.0.attn.q_lif,0.277502,1.384086
125,4,stage1.0.attn.k_lif,0.410387,1.696028
125,5,stage1.0.attn.v_lif,0.399385,1.664961
125,6,stage1.0.attn.attn_lif,0.893327,9.374476
125,7,stage1.0.mlp.fc1_lif,0.649099,2.849805
125,8,stage1.0.mlp.fc2_lif,0.456824,1.841023
125,9,patch_embed2.embed1.embed_lif,0.505444,2.022014
125,10,patch_embed2.orig_embed1.embed_lif,0.257262,1.346369
125,11,patch_embed2.embed2.embed_lif,0.500000,2.000000
125,12,stage2.0.attn.x_lif,0.457415,1.843029
125,13,stage2.0.attn.q_lif,0.296783,1.422037
125,14,stage2.0.attn.k_lif,0.359903,1.562263
125,15,stage2.0.attn.v_lif,0.321408,1.473639
125,16,stage2.0.attn.attn_lif,0.733848,3.757247
125,17,stage2.0.mlp.fc1_lif,0.679875,3.123776
125,18,stage2.0.mlp.fc2_lif,0.535075,2.150883
125,19,patch_embed3.embed1.embed_lif,0.523811,2.100006
125,20,patch_embed3.orig_embed1.embed_lif,0.248741,1.331098
125,21,patch_embed3.embed2.embed_lif,0.500000,2.000000
125,22,stage3.0.attn.x_lif,0.402036,1.672343
125,23,stage3.0.attn.q_lif,0.197061,1.245425
125,24,stage3.0.attn.k_lif,0.243724,1.322269
125,25,stage3.0.attn.v_lif,0.241570,1.318513
125,26,stage3.0.attn.attn_lif,0.338606,1.511959
125,27,stage3.0.mlp.fc1_lif,0.517226,2.071363
125,28,stage3.0.mlp.fc2_lif,0.328617,1.489462
125,29,stage3.1.attn.x_lif,0.530331,2.129160
125,30,stage3.1.attn.q_lif,0.255012,1.342304
125,31,stage3.1.attn.k_lif,0.304148,1.437088
125,32,stage3.1.attn.v_lif,0.302543,1.433781
125,33,stage3.1.attn.attn_lif,0.219251,1.280822
125,34,stage3.1.mlp.fc1_lif,0.596640,2.479173
125,35,stage3.1.mlp.fc2_lif,0.314120,1.457981
125,36,head_lif,0.280115,1.389111
130,0,patch_embed1.embed1.embed_lif,0.248788,1.331182
130,1,patch_embed1.embed2.embed_lif,0.491453,1.966388
130,2,stage1.0.attn.x_lif,0.348039,1.533833
130,3,stage1.0.attn.q_lif,0.278770,1.386519
130,4,stage1.0.attn.k_lif,0.410611,1.696673
130,5,stage1.0.attn.v_lif,0.399426,1.665074
130,6,stage1.0.attn.attn_lif,0.893523,9.391707
130,7,stage1.0.mlp.fc1_lif,0.647744,2.838848
130,8,stage1.0.mlp.fc2_lif,0.456194,1.838892
130,9,patch_embed2.embed1.embed_lif,0.505046,2.020391
130,10,patch_embed2.orig_embed1.embed_lif,0.254930,1.342155
130,11,patch_embed2.embed2.embed_lif,0.500000,2.000000
130,12,stage2.0.attn.x_lif,0.455929,1.837997
130,13,stage2.0.attn.q_lif,0.296103,1.420661
130,14,stage2.0.attn.k_lif,0.359714,1.561802
130,15,stage2.0.attn.v_lif,0.320650,1.471996
130,16,stage2.0.attn.attn_lif,0.734129,3.761222
130,17,stage2.0.mlp.fc1_lif,0.677290,3.098753
130,18,stage2.0.mlp.fc2_lif,0.530967,2.132046
130,19,patch_embed3.embed1.embed_lif,0.523614,2.099140
130,20,patch_embed3.orig_embed1.embed_lif,0.246635,1.327378
130,21,patch_embed3.embed2.embed_lif,0.500000,2.000000
130,22,stage3.0.attn.x_lif,0.398717,1.663111
130,23,stage3.0.attn.q_lif,0.194517,1.241491
130,24,stage3.0.attn.k_lif,0.242149,1.319520
130,25,stage3.0.attn.v_lif,0.239580,1.315063
130,26,stage3.0.attn.attn_lif,0.340635,1.516610
130,27,stage3.0.mlp.fc1_lif,0.511509,2.047120
130,28,stage3.0.mlp.fc2_lif,0.318364,1.467059
130,29,stage3.1.attn.x_lif,0.530613,2.130436
130,30,stage3.1.attn.q_lif,0.256045,1.344167
130,31,stage3.1.attn.k_lif,0.305942,1.440803
130,32,stage3.1.attn.v_lif,0.301022,1.430660
130,33,stage3.1.attn.attn_lif,0.223359,1.287597
130,34,stage3.1.mlp.fc1_lif,0.593093,2.457564
130,35,stage3.1.mlp.fc2_lif,0.306367,1.441684
130,36,head_lif,0.276006,1.381227
135,0,patch_embed1.embed1.embed_lif,0.248295,1.330309
135,1,patch_embed1.embed2.embed_lif,0.491751,1.967540
135,2,stage1.0.attn.x_lif,0.348744,1.535493
135,3,stage1.0.attn.q_lif,0.278727,1.386438
135,4,stage1.0.attn.k_lif,0.410914,1.697545
135,5,stage1.0.attn.v_lif,0.399697,1.665826
135,6,stage1.0.attn.attn_lif,0.893623,9.400498
135,7,stage1.0.mlp.fc1_lif,0.647362,2.835767
135,8,stage1.0.mlp.fc2_lif,0.456462,1.839799
135,9,patch_embed2.embed1.embed_lif,0.505012,2.020253
135,10,patch_embed2.orig_embed1.embed_lif,0.253069,1.338812
135,11,patch_embed2.embed2.embed_lif,0.500000,2.000000
135,12,stage2.0.attn.x_lif,0.454561,1.833387
135,13,stage2.0.attn.q_lif,0.295565,1.419578
135,14,stage2.0.attn.k_lif,0.359872,1.562187
135,15,stage2.0.attn.v_lif,0.320330,1.471302
135,16,stage2.0.attn.attn_lif,0.734285,3.763426
135,17,stage2.0.mlp.fc1_lif,0.675793,3.084452
135,18,stage2.0.mlp.fc2_lif,0.528642,2.121530
135,19,patch_embed3.embed1.embed_lif,0.523116,2.096945
135,20,patch_embed3.orig_embed1.embed_lif,0.243807,1.322414
135,21,patch_embed3.embed2.embed_lif,0.500000,2.000000
135,22,stage3.0.attn.x_lif,0.396169,1.656094
135,23,stage3.0.attn.q_lif,0.193870,1.240494
135,24,stage3.0.attn.k_lif,0.242075,1.319392
135,25,stage3.0.attn.v_lif,0.237893,1.312151
135,26,stage3.0.attn.attn_lif,0.342280,1.520404
135,27,stage3.0.mlp.fc1_lif,0.506972,2.028281
135,28,stage3.0.mlp.fc2_lif,0.310532,1.450393
135,29,stage3.1.attn.x_lif,0.530503,2.129941
135,30,stage3.1.attn.q_lif,0.255742,1.343620
135,31,stage3.1.attn.k_lif,0.305801,1.440509
135,32,stage3.1.attn.v_lif,0.299348,1.427242
135,33,stage3.1.attn.attn_lif,0.225511,1.291174
135,34,stage3.1.mlp.fc1_lif,0.589757,2.437579
135,35,stage3.1.mlp.fc2_lif,0.299473,1.427497
135,36,head_lif,0.272711,1.374970
140,0,patch_embed1.embed1.embed_lif,0.247571,1.329029
140,1,patch_embed1.embed2.embed_lif,0.491524,1.966660
140,2,stage1.0.attn.x_lif,0.349219,1.536615
140,3,stage1.0.attn.q_lif,0.278625,1.386242
140,4,stage1.0.attn.k_lif,0.410948,1.697643
140,5,stage1.0.attn.v_lif,0.400084,1.666900
140,6,stage1.0.attn.attn_lif,0.893681,9.405630
140,7,stage1.0.mlp.fc1_lif,0.646961,2.832552
140,8,stage1.0.mlp.fc2_lif,0.456250,1.839080
140,9,patch_embed2.embed1.embed_lif,0.505116,2.020678
140,10,patch_embed2.orig_embed1.embed_lif,0.251962,1.336831
140,11,patch_embed2.embed2.embed_lif,0.500000,2.000000
140,12,stage2.0.attn.x_lif,0.453630,1.830261
140,13,stage2.0.attn.q_lif,0.294933,1.418306
140,14,stage2.0.attn.k_lif,0.359838,1.562105
140,15,stage2.0.attn.v_lif,0.319891,1.470354
140,16,stage2.0.attn.attn_lif,0.734372,3.764662
140,17,stage2.0.mlp.fc1_lif,0.674462,3.071839
140,18,stage2.0.mlp.fc2_lif,0.526430,2.111621
140,19,patch_embed3.embed1.embed_lif,0.523099,2.096873
140,20,patch_embed3.orig_embed1.embed_lif,0.242285,1.319758
140,21,patch_embed3.embed2.embed_lif,0.500000,2.000000
140,22,stage3.0.attn.x_lif,0.394944,1.652739
140,23,stage3.0.attn.q_lif,0.193018,1.239185
140,24,stage3.0.attn.k_lif,0.241363,1.318154
140,25,stage3.0.attn.v_lif,0.237089,1.310769
140,26,stage3.0.attn.attn_lif,0.343021,1.522118
140,27,stage3.0.mlp.fc1_lif,0.504845,2.019569
140,28,stage3.0.mlp.fc2_lif,0.305235,1.439335
140,29,stage3.1.attn.x_lif,0.530373,2.129351
140,30,stage3.1.attn.q_lif,0.255516,1.343212
140,31,stage3.1.attn.k_lif,0.305691,1.440281
140,32,stage3.1.attn.v_lif,0.298358,1.425228
140,33,stage3.1.attn.attn_lif,0.227102,1.293832
140,34,stage3.1.mlp.fc1_lif,0.587529,2.424414
140,35,stage3.1.mlp.fc2_lif,0.294894,1.418226
140,36,head_lif,0.270272,1.370373
145,0,patch_embed1.embed1.embed_lif,0.247675,1.329212
145,1,patch_embed1.embed2.embed_lif,0.491573,1.966850
145,2,stage1.0.attn.x_lif,0.349437,1.537129
145,3,stage1.0.attn.q_lif,0.278795,1.386567
145,4,stage1.0.attn.k_lif,0.411003,1.697802
145,5,stage1.0.attn.v_lif,0.400289,1.667469
145,6,stage1.0.attn.attn_lif,0.893713,9.408504
145,7,stage1.0.mlp.fc1_lif,0.646687,2.830349
145,8,stage1.0.mlp.fc2_lif,0.455843,1.837704
145,9,patch_embed2.embed1.embed_lif,0.505079,2.020526
145,10,patch_embed2.orig_embed1.embed_lif,0.250850,1.334846
145,11,patch_embed2.embed2.embed_lif,0.500000,2.000000
145,12,stage2.0.attn.x_lif,0.453293,1.829133
145,13,stage2.0.attn.q_lif,0.294699,1.417835
145,14,stage2.0.attn.k_lif,0.359766,1.561929
145,15,stage2.0.attn.v_lif,0.319763,1.470077
145,16,stage2.0.attn.attn_lif,0.734371,3.764656
145,17,stage2.0.mlp.fc1_lif,0.673815,3.065749
145,18,stage2.0.mlp.fc2_lif,0.525235,2.106305
145,19,patch_embed3.embed1.embed_lif,0.522836,2.095715
145,20,patch_embed3.orig_embed1.embed_lif,0.241304,1.318051
145,21,patch_embed3.embed2.embed_lif,0.500000,2.000000
145,22,stage3.0.attn.x_lif,0.393970,1.650082
145,23,stage3.0.attn.q_lif,0.192312,1.238102
145,24,stage3.0.attn.k_lif,0.240805,1.317184
145,25,stage3.0.attn.v_lif,0.236236,1.309305
145,26,stage3.0.attn.attn_lif,0.343198,1.522530
145,27,stage3.0.mlp.fc1_lif,0.503141,2.012644
145,28,stage3.0.mlp.fc2_lif,0.302053,1.432774
145,29,stage3.1.attn.x_lif,0.530603,2.130392
145,30,stage3.1.attn.q_lif,0.255410,1.343020
145,31,stage3.1.attn.k_lif,0.305744,1.440391
145,32,stage3.1.attn.v_lif,0.297683,1.423859
145,33,stage3.1.attn.attn_lif,0.228183,1.295644
145,34,stage3.1.mlp.fc1_lif,0.586062,2.415821
145,35,stage3.1.mlp.fc2_lif,0.291817,1.412064
145,36,head_lif,0.269147,1.368264
150,0,patch_embed1.embed1.embed_lif,0.247699,1.329255
150,1,patch_embed1.embed2.embed_lif,0.491490,1.966530
150,2,stage1.0.attn.x_lif,0.349823,1.538042
150,3,stage1.0.attn.q_lif,0.278843,1.386661
150,4,stage1.0.attn.k_lif,0.411063,1.697974
150,5,stage1.0.attn.v_lif,0.400328,1.667578
150,6,stage1.0.attn.attn_lif,0.893726,9.409657
150,7,stage1.0.mlp.fc1_lif,0.646543,2.829198
150,8,stage1.0.mlp.fc2_lif,0.455740,1.837359
150,9,patch_embed2.embed1.embed_lif,0.505025,2.020302
150,10,patch_embed2.orig_embed1.embed_lif,0.250441,1.334118
150,11,patch_embed2.embed2.embed_lif,0.500000,2.000000
150,12,stage2.0.attn.x_lif,0.452910,1.827854
150,13,stage2.0.attn.q_lif,0.294492,1.417419
150,14,stage2.0.attn.k_lif,0.359667,1.561687
150,15,stage2.0.attn.v_lif,0.319680,1.469897
150,16,stage2.0.attn.attn_lif,0.734395,3.764993
150,17,stage2.0.mlp.fc1_lif,0.673388,3.061733
150,18,stage2.0.mlp.fc2_lif,0.524644,2.103688
150,19,patch_embed3.embed1.embed_lif,0.522731,2.095256
150,20,patch_embed3.orig_embed1.embed_lif,0.240845,1.317254
150,21,patch_embed3.embed2.embed_lif,0.500000,2.000000
150,22,stage3.0.attn.x_lif,0.393685,1.649307
150,23,stage3.0.attn.q_lif,0.192182,1.237903
150,24,stage3.0.attn.k_lif,0.240543,1.316730
150,25,stage3.0.attn.v_lif,0.235756,1.308483
150,26,stage3.0.attn.attn_lif,0.343555,1.523357
150,27,stage3.0.mlp.fc1_lif,0.502121,2.008518
150,28,stage3.0.mlp.fc2_lif,0.300401,1.429391
150,29,stage3.1.attn.x_lif,0.530630,2.130514
150,30,stage3.1.attn.q_lif,0.255564,1.343300
150,31,stage3.1.attn.k_lif,0.305936,1.440789
150,32,stage3.1.attn.v_lif,0.297421,1.423327
150,33,stage3.1.attn.attn_lif,0.228882,1.296818
150,34,stage3.1.mlp.fc1_lif,0.585355,2.411700
150,35,stage3.1.mlp.fc2_lif,0.290259,1.408964
150,36,head_lif,0.268364,1.366799
